CREATE TABLE DEPT_MASTER (
	DEPT_ID INT,
	DEPT_NAME VARCHAR(64),
	STATUS VARCHAR(2),
	SECTION VARCHAR(64),
	DESCRIPTION VARCHAR(80),
	UPD_USER_ID INT,
	ROW_UPD_DATE DATETIME,
	PRIMARY KEY(DEPT_ID)
) ENGINE=InnoDB;

CREATE TABLE DEPT_COST_HEAD_MASTER (
	HEAD_ID INT,
	HEAD_NAME VARCHAR(25),
	DEPT_ID INT,
	DESCRIPTION VARCHAR(64),
	STATUS VARCHAR(2),
	UPD_USER_ID INT,
	ROW_UPD_DATE DATETIME,
	PRIMARY KEY(HEAD_ID),
	FOREIGN KEY (DEPT_ID) REFERENCES DEPT_MASTER (DEPT_ID),
	CONSTRAINT UNIQUE (DEPT_ID, HEAD_NAME)
) ENGINE=InnoDB;

CREATE TABLE DESG_MASTER(
	DESG_ID INT,
	HEAD_ID INT,
	DEPT_ID INT,
	DESG_NAME VARCHAR(64),
	DESCRIPTION VARCHAR(64),
	STATUS VARCHAR(2),
	UPD_USER_ID INT,
	ROW_UPD_DATE DATETIME,
	PRIMARY KEY(DESG_ID),
	FOREIGN KEY (HEAD_ID)REFERENCES DEPT_COST_HEAD_MASTER(HEAD_ID),
	FOREIGN KEY (DEPT_ID) REFERENCES DEPT_MASTER (DEPT_ID),
	CONSTRAINT UNIQUE (HEAD_ID, DESG_NAME)
) ENGINE=InnoDB;

CREATE TABLE EMP_MASTER (
	EMP_ID VARCHAR(10),
	EMP_TYPE INT,
	EMP_JOINING_DATE DATE,
	EMP_FNAME VARCHAR(64),
	EMP_MNAME VARCHAR(64),
	EMP_LNAME VARCHAR(64),
	BIRTH_DATE DATE,
	EMP_PAN VARCHAR(30),
	EMP_AADHAR VARCHAR(30),
	EMP_LST_PROMO_DT DATE,
	GENDER VARCHAR(20),
	RETMT_DATE DATE,
	HANDICAP_FLAG TINYINT(1),
	STATUS VARCHAR(2),
	UPD_USER_ID INT,
	ROW_UPD_DATE DATETIME,
	PRIMARY KEY (EMP_ID)
) ENGINE=InnoDB;

CREATE TABLE EMP_SAL_MASTER (
	EMP_ID VARCHAR(10),
	YEAR INT,
	BASIC DOUBLE,
	GRD_PAY DOUBLE,
	SCALE_PAY VARCHAR(40),
	SCALE_CODE VARCHAR(10),
	INC_AMT DOUBLE,
	INC_DATE DATE,
	STATUS VARCHAR(2),
	ROW_UPD_DATE DATETIME,
	UPD_USER_ID INT,
    ABSENT_DAYS INT,
    PRESENT_DAYS INT,
	FOREIGN KEY (EMP_ID) REFERENCES EMP_MASTER (EMP_ID),
	CONSTRAINT UNIQUE(EMP_ID, STATUS)	
) ENGINE=InnoDB;

CREATE TABLE EMP_PENSION_MASTER (
	EMP_ID VARCHAR(10),
	BASIC_PENSION DOUBLE,
	RESIDUAL_PENSION DOUBLE,
	COMMUTATION_AMT VARCHAR(40),
	MEDICAL_ALLOWANCE VARCHAR(10),
	FAMILY_PENSION_FLAG TINYINT,
	FAMILY_PENSION_NAME VARCHAR(30),
	PENSION_REMARK VARCHAR(100),
	ROW_UPD_DATE DATETIME,
	UPD_USER_ID INT,
	STATUS VARCHAR(2),
	FOREIGN KEY (EMP_ID) REFERENCES EMP_MASTER (EMP_ID),
	CONSTRAINT UNIQUE(EMP_ID, STATUS)	
) ENGINE=InnoDB;

CREATE TABLE LEAVE_TYPE (
	LEAVE_TYPE_ID INT,
	LEAVE_NAME VARCHAR(40),
	LEAVE_DESC VARCHAR(60),
	STATUS VARCHAR(2),
	ROW_UPD_DATE DATETIME,
	UPD_USER_ID INT,
	PRIMARY KEY(LEAVE_TYPE_ID)
) ENGINE=InnoDB;

CREATE TABLE EMP_LEAVE_MASTER (
	EMP_ID VARCHAR(10),
	LEAVE_ID INT,
	LEAVE_TYPE_ID INT,
	LEAVE_BAL INT,
	STATUS VARCHAR(2),
	UPD_USER_ID INT,
	ROW_UPD_DATE DATETIME,
	FOREIGN KEY (EMP_ID) REFERENCES EMP_MASTER (EMP_ID),
	FOREIGN KEY (LEAVE_TYPE_ID) REFERENCES    LEAVE_TYPE (LEAVE_TYPE_ID),
	CONSTRAINT UNIQUE(EMP_ID, LEAVE_ID)
) ENGINE=InnoDB;

CREATE TABLE EMP_LEAVE_DETAILS (
	LEAVE_REQ_ID INT,
    EMP_ID VARCHAR(10),
	LEAVE_TYPE_ID INT,
	NO_OF_LEAVES DOUBLE,
	FROM_DATE DATETIME,
	TO_DATE DATETIME,
	REASON VARCHAR(128),
	STATUS VARCHAR(2),
	UPD_USER_ID INT,
	ROW_UPD_DATE DATETIME,
	PRIMARY KEY(LEAVE_REQ_ID),
    FOREIGN KEY (EMP_ID) REFERENCES EMP_MASTER (EMP_ID),
	FOREIGN KEY (LEAVE_TYPE_ID) REFERENCES LEAVE_TYPE (LEAVE_TYPE_ID)
) ENGINE=InnoDB;

CREATE TABLE BANK_MASTER(
	BANK_ID INT,
	BANK_NAME VARCHAR(30),
	IFSC_CODE VARCHAR(30),
	STATUS VARCHAR(2),
	ROW_UPD_DATE DATETIME,
	UPD_USER_ID INT,
	PRIMARY KEY(BANK_ID),
	CONSTRAINT UNIQUE (BANK_NAME)
) ENGINE=InnoDB;

CREATE TABLE EMP_BANK_DETAILS(
	EMP_ID VARCHAR(10),
	BANK_ID INT,
	ACCT_NO VARCHAR(30),
	STATUS VARCHAR(2),
	UPD_USER_ID INT,
	ROW_UPD_DATE DATETIME,
	FOREIGN KEY (EMP_ID) REFERENCES EMP_MASTER (EMP_ID),
	FOREIGN KEY (BANK_ID) REFERENCES BANK_MASTER (BANK_ID),
	CONSTRAINT UNIQUE(EMP_ID, STATUS)
) ENGINE=InnoDB;

CREATE TABLE EMP_DESG_DETAILS(
	DESG_ID INT,
	EMP_ID VARCHAR(10),
	START_DATE DATE,
	LW_DATE DATE,
	STATUS VARCHAR(2),
	UPD_USER_ID INT,
	ROW_UPD_DATE DATETIME,
	FOREIGN KEY (DESG_ID) REFERENCES DESG_MASTER (DESG_ID),
	FOREIGN KEY (EMP_ID) REFERENCES EMP_MASTER (EMP_ID)
) ENGINE=InnoDB;

CREATE TABLE EMP_DEPT_DETAILS(
	DEPT_ID INT,
	EMP_ID VARCHAR(10),
	START_DATE DATE,
	STATUS VARCHAR(2),
	UPD_USER_ID INT,
	ROW_UPD_DATE DATETIME,
	FOREIGN KEY (DEPT_ID) REFERENCES DEPT_MASTER (DEPT_ID),
	FOREIGN KEY (EMP_ID) REFERENCES EMP_MASTER (EMP_ID)
) ENGINE=InnoDB;

CREATE TABLE EMP_COST_HEAD_DETAILS(
	HEAD_ID INT,
	EMP_ID VARCHAR(10),
	START_DATE DATE,
	LW_DATE DATE,
	STATUS VARCHAR(2),
	UPD_USER_ID INT,
	ROW_UPD_DATE DATETIME,
	FOREIGN KEY (HEAD_ID)REFERENCES DEPT_COST_HEAD_MASTER(HEAD_ID),
	FOREIGN KEY (EMP_ID) REFERENCES EMP_MASTER (EMP_ID)
) ENGINE=InnoDB;

CREATE TABLE EMP_ALLOWANCES_MASTER(
 EMP_ID VARCHAR(10),
 CCA DOUBLE,
 WASHING_ALLOWANCE DOUBLE,
 NON_PRACT_ALLOWANCE DOUBLE,
 UNIFORM_ALLOWANCE DOUBLE,
 FAMILY_PLANNING_ALLOWANCE DOUBLE,
 CYCLE_ALLOWANCE DOUBLE,
 T_ALLOWANCE DOUBLE,
 OTHER_ALLOWANCE DOUBLE,
 HRA_FLAG TINYINT,
 QTR_FLAG TINYINT,
 AFK_FLAG TINYINT,
 TA_FLAG TINYINT,
 PF_FLAG TINYINT,
 STATUS VARCHAR(2),
 UPD_USER_ID INT,
 ROW_UPD_DATE DATETIME,
 FOREIGN KEY (EMP_ID) REFERENCES EMP_MASTER (EMP_ID),
 CONSTRAINT UNIQUE(EMP_ID, STATUS)
) ENGINE=InnoDB;

CREATE TABLE ADV_MASTER(
	ADV_ID INT,
	EMP_ID VARCHAR(10),
	ADV_NAME VARCHAR(30),	
	ADV_AMT DOUBLE,
	ADV_INSTALL_AMT DOUBLE,
	ADVANCE_DATE DATE,
	INST_START_DATE DATE,
    INST_END_DATE DATE,
	STATUS VARCHAR(2),
	UPD_USER_ID INT,
	ROW_UPD_DATE DATETIME,
	PRIMARY KEY(ADV_ID),
	CONSTRAINT UNIQUE(EMP_ID, STATUS)
) ENGINE=InnoDB;

CREATE TABLE EMP_ADV_DETAIL(
	ADV_ID INT,
	EMP_ID VARCHAR(10),
	ADV_BAL_AMT DOUBLE,
	INST_AMT DOUBLE,
	PAYMENT_DATE DATE,
	NXT_INST_AMT DOUBLE,
	STATUS VARCHAR(2),
	UPD_USER_ID INT,
 	ROW_UPD_DATE DATETIME,
	FOREIGN KEY (ADV_ID) REFERENCES ADV_MASTER (ADV_ID)
) ENGINE=InnoDB;

CREATE TABLE EMP_OT_DETAIL(
	OVR_TIM_ID INT,
	EMP_ID VARCHAR(10),
	OTIME_ORDER VARCHAR(30),
	OTIME_DATE DATE,
	OTIME_HRS DOUBLE,
	OTIME_AMT DOUBLE,
	OTIME_DAY_HRS DOUBLE,
	OTIME_PROCESS_DATE DATE,
	STATUS VARCHAR(2),
	UPD_USER_ID INT,
	ROW_UPD_DATE DATETIME,
	PRIMARY KEY(OVR_TIM_ID),
	FOREIGN KEY (EMP_ID) REFERENCES EMP_MASTER (EMP_ID),
	CONSTRAINT UNIQUE(EMP_ID, OTIME_DATE, STATUS)
) ENGINE=InnoDB;


CREATE TABLE EMP_LIC_MASTER(
	EMP_ID VARCHAR(10),
	POLICY_NO VARCHAR(30),
	INSTALL_AMT DOUBLE,
	STATUS VARCHAR(2),
	UPD_USER_ID INT,
	ROW_UPD_DATE DATETIME,
	FOREIGN KEY (EMP_ID) REFERENCES EMP_MASTER (EMP_ID)
) ENGINE=InnoDB;

CREATE TABLE EMP_LIC_DETAILS(
	EMP_ID VARCHAR(10),
	POLICY_NO VARCHAR(30),
	PAYMENT_DATE DATE,
	PAYMENT_AMT DOUBLE,
	UPD_USER_ID INT,
	STATUS VARCHAR(2),
	ROW_UPD_DATE DATETIME,
	FOREIGN KEY (EMP_ID) REFERENCES EMP_MASTER (EMP_ID)
) ENGINE=InnoDB;
-- TODO: Prasad: Needs to check unique constraint below
/*CREATE TABLE EMP_PF_DETAILS(
		EMP_ID VARCHAR(10),
		PF_DATE DATE,
		PFS_CPF_CNTRB DOUBLE,
		APF_ACPF_CNTRB DOUBLE,
		PF_LON_REC_AMT DOUBLE,
		CF_LON_REC_AMT DOUBLE,
		STATUS VARCHAR(2),
		UPD_USER_ID INT,
		ROW_UPD_DATE DATETIME,
		FOREIGN KEY (EMP_ID) REFERENCES EMP_MASTER (EMP_ID),
		CONSTRAINT UNIQUE(EMP_ID, STATUS, PF_DATE)
) ENGINE=InnoDB;*/


CREATE TABLE EMP_TAX_EXEMPTIONS(
 EMP_ID VARCHAR(10),
 SECITION80C_DED DOUBLE,
 HOME_LOAN_INTEREST_88EE DOUBLE,
 SELF_DISABLE_80U DOUBLE,
 CESS DOUBLE,
 LOAN_PRINCIPAL DOUBLE,
 SCHOOL_FEE DOUBLE,
 LIC DOUBLE,
 MUTUAL_FUND DOUBLE,
 SEC_80D DOUBLE,
 SEC_80E DOUBLE,
 NSC DOUBLE,
 PPF DOUBLE,
 DONATION DOUBLE,
 SEC_80DD DOUBLE,
 BONUS DOUBLE,
 ARREARS DOUBLE,
 OT_AMOUNT DOUBLE,
 OT_WAGES DOUBLE,
 HRA_SECTION10_13A DOUBLE,
 INCOME_TAX_REBATE_SECTION_87C DOUBLE,
 CHILD_TRANS_ALLW_10_14 DOUBLE,
 HOME_LOAN_SECTION_24B DOUBLE,
 HLP_PF_LIC_80C DOUBLE,
 NPS_80CCD_1B DOUBLE,
 HEALTH_INSU_80D DOUBLE,
 DES_DEP_80DD DOUBLE,
 MEDICAL_80DDB DOUBLE,
 EDU_LOAN_80E DOUBLE,
 DONATION_80G DOUBLE,
 RENT_80GG DOUBLE,
 INT_BANK_SECTION_80TTA DOUBLE,
 PHYS_DIS_PER_SECTION_80U DOUBLE,
 STATUS VARCHAR(2),
 UPD_USER_ID INT,
 ROW_UPD_DATE DATETIME,
 FOREIGN KEY (EMP_ID) REFERENCES EMP_MASTER (EMP_ID),
 CONSTRAINT UNIQUE(EMP_ID, STATUS)
) ENGINE=InnoDB;


CREATE TABLE EMP_TAXES(
	 EMP_ID VARCHAR(10),
	 INCOME_TAX DOUBLE,
	 SURCHARGE DOUBLE,
	 CESS DOUBLE,
	 UPD_USER_ID INT,
	 ROW_UPD_DATE DATETIME,
	 FOREIGN KEY (EMP_ID) REFERENCES EMP_MASTER (EMP_ID)
) ENGINE=InnoDB;

CREATE TABLE INCOME_TAX_SLAB_MASTER(
	 SR_NO INT,
	 FIN_YEAR VARCHAR(30),
	 LOWER_SLAB DOUBLE,
	 HIGHER_SLAB DOUBLE,
	 INCOME_TAX_PERCENT DOUBLE,
	 SURCHARGE DOUBLE,
	 EDUCATION_CESS DOUBLE,
	 OTHER_CESS DOUBLE,
	 UPD_EMP_ID VARCHAR(10),
	 STATUS VARCHAR(2),
	 UPD_USER_ID INT,
	 ROW_UPD_DATE DATETIME
) ENGINE=InnoDB;

CREATE TABLE EMP_VAR_DEDUCTIONS(
	EMP_ID VARCHAR(10),
	AFK_RENT DOUBLE,
	SOCITY DOUBLE,
	PF_LOAN_REC DOUBLE,
	OTHER_DEDUCTION DOUBLE,
	MIS_RCVRY DOUBLE,
	MONTH_DATE DATE,
	NOTE VARCHAR(255),
	INCOME_TAX DOUBLE,
	ABS_DED DOUBLE,
	STATUS VARCHAR(2),
	UPD_USER_ID INT,
	ROW_UPD_DATE DATETIME,
	FOREIGN KEY (EMP_ID) REFERENCES EMP_MASTER (EMP_ID),
    CONSTRAINT UNIQUE(EMP_ID, STATUS, MONTH_DATE)
)ENGINE=InnoDB;	

CREATE TABLE EMP_FIXED_DEDUCTIONS(
	EMP_ID VARCHAR(10),
	KSS_UNION_FEE DOUBLE,
	RENT DOUBLE, /*LFEE*/
	COURT_RCVRY DOUBLE, /* Monthly*/
    APF_ACPF_CNTRB DOUBLE,
	UNION_FEE DOUBLE, 
	GIS DOUBLE, /* group insurance */
	STATUS VARCHAR(2),
	UPD_USER_ID INT,
	ROW_UPD_DATE DATETIME,
	FOREIGN KEY (EMP_ID) REFERENCES EMP_MASTER (EMP_ID),
 CONSTRAINT UNIQUE(EMP_ID, STATUS)
)ENGINE=InnoDB;	

CREATE TABLE PAY_BILL(
	EMP_ID VARCHAR(10),
	EMP_HEAD DOUBLE,
	BASIC DOUBLE,
	GRADE_PAY DOUBLE,
	DA DOUBLE,
	HRA DOUBLE,
	CCA DOUBLE,
	TA DOUBLE,
	NPA DOUBLE,
	WA DOUBLE,
	CA DOUBLE,
	UFALW DOUBLE,
	FPALW DOUBLE,
	TALW DOUBLE,
	T_ALLOWANCE DOUBLE,
	OT_AMT DOUBLE,
	OTHER_AMT DOUBLE,
	GROSS_PAY DOUBLE,
	D_LFEE DOUBLE,
	D_AFK_RENT DOUBLE,
	D_ABS_AMT DOUBLE,
	D_FA_RECOVERY DOUBLE,
	D_PROF_TAX DOUBLE,
	D_LIC DOUBLE,
	D_SOCIETY DOUBLE,
	D_GRP_INS DOUBLE,
	D_BKLN_REC DOUBLE,
	D_VLN_REC DOUBLE,
	D_PFS_CPF DOUBLE,
	D_APF_ACPF DOUBLE,
	D_PF_LN_REC DOUBLE,
	D_CPF_REC DOUBLE,
	D_INC_TAX DOUBLE,
	D_UNION_FEE DOUBLE,
	D_ELEC_REC DOUBLE,
	D_COURT_REC DOUBLE,
	D_OTHER DOUBLE,
	D_MISC DOUBLE,
	D_UN_FEE_KSS DOUBLE,
	TOT_DED DOUBLE,
	NET_PAY DOUBLE,
	DEPT_NAME VARCHAR(64),
	COST_HEAD_NAME VARCHAR(64),
	DESG_NAME VARCHAR(64),
	BANK_ACCT_NO VARCHAR(30),
	BANK_NAME VARCHAR(30),
	SCALE VARCHAR(40),
	SCALE_PAY VARCHAR(40),
	INC_AMT DOUBLE,
	INC_DATE VARCHAR(30),
	BANK_ID INT,
	MONTH_DATE DATE,
	ROW_UPD_DATE DATETIME,
    CON_ABS_DED_AMT DOUBLE,
	CON_TDS DOUBLE,
	CON_OTHER_DED DOUBLE,
	ABSENT_DAYS INT,
	PRESENT_DAYS INT,
	CON_PAN_NUM VARCHAR(12),
	CON_BANK_NUM VARCHAR(12),
	FOREIGN KEY (EMP_ID) REFERENCES EMP_MASTER (EMP_ID),
	CONSTRAINT UNIQUE(EMP_ID, MONTH_DATE)
)ENGINE=InnoDB;


-- 01-2018 Tables realted to USER
CREATE TABLE ROLES(
	  ROLE_ID INT,
	  ROLE_NAME VARCHAR(64),
	  ROLE_DESC VARCHAR(256),
	  STATUS VARCHAR(2),
	  UPD_USER_ID INT,
	  ROW_UPD_DATE DATETIME,
	  PRIMARY KEY (ROLE_ID)
 ) ENGINE=InnoDB DEFAULT CHARSET=utf8;
 
  CREATE TABLE USER_MASTER(
	  USR_ID INT,
	  EMP_ID VARCHAR(10),
	  USR_NAME VARCHAR(64),
	  USR_PWD VARCHAR(256),
	  DEPT_IDS VARCHAR(64),
	  STATUS varchar(2),
	  UPD_USER_ID INT,
	  ROW_UPD_DATE DATETIME,
	  PRIMARY KEY (USR_ID),
	  FOREIGN KEY (EMP_ID) REFERENCES EMP_MASTER (EMP_ID)
) ;
 
CREATE TABLE USER_ROLES(
	  USER_ROLE_ID INT,
	  USR_ID INT,
	  ROLE_ID INT,
	  STATUS VARCHAR(2),
	  UPD_USER_ID INT,
	  ROW_UPD_DATE DATETIME,
	  FOREIGN KEY (ROLE_ID) REFERENCES ROLES (ROLE_ID),
	  FOREIGN KEY (USR_ID) REFERENCES USER_MASTER (USR_ID)
 ) ENGINE=InnoDB DEFAULT CHARSET=utf8;

INSERT INTO ROLES
(`ROLE_ID`, `ROLE_NAME`, `ROLE_DESC`, `STATUS`, `ROW_UPD_DATE`)
VALUES (1, 'ADMIN', 'User can access Master section links', 'A', current_timestamp());

INSERT INTO ROLES
(`ROLE_ID`, `ROLE_NAME`, `ROLE_DESC`, `STATUS`, `ROW_UPD_DATE`)
VALUES (2, 'EMPLOYEE', 'User can access Employee specific links', 'A', current_timestamp());

INSERT INTO ROLES
(`ROLE_ID`, `ROLE_NAME`, `ROLE_DESC`, `STATUS`, `ROW_UPD_DATE`)
VALUES (3, 'REPORT', 'User can access Report specific links', 'A', current_timestamp());

INSERT INTO ROLES
(`ROLE_ID`, `ROLE_NAME`, `ROLE_DESC`, `STATUS`, `ROW_UPD_DATE`)
VALUES (4, 'CEO', 'User can access CEO dashboard and master section links', 'A', current_timestamp());

CREATE TABLE EMP_CONTACT (
	EMP_ID VARCHAR(10),
    EMP_CNT_ID INT,
	EMP_EMAIL VARCHAR(64),
	EMP_PHONE VARCHAR(64),
	ADDR_LINE1 VARCHAR(64),
	ADDR_LINE2 VARCHAR(64),
	ADDR_LINE3 VARCHAR(64),
    CITY VARCHAR(64),
	STATE VARCHAR(64),
    PIN VARCHAR(8),
    SEC_EMP_EMAIL VARCHAR(64),
	SEC_EMP_PHONE VARCHAR(64),
	SEC_ADDR_LINE1 VARCHAR(64),
	SEC_ADDR_LINE2 VARCHAR(64),
	SEC_ADDR_LINE3 VARCHAR(64),
    SEC_CITY VARCHAR(64),
	SEC_STATE VARCHAR(64),
    SEC_PIN VARCHAR(8),
    STATUS VARCHAR(2),
    UPD_USER_ID INT,
	ROW_UPD_DATE DATETIME,
	PRIMARY KEY (EMP_CNT_ID),
    FOREIGN KEY (EMP_ID) REFERENCES EMP_MASTER (EMP_ID)
) ENGINE=InnoDB;

CREATE TABLE `EMP_ATTENDANCE_DETAILS` (
  `EMP_ATTENDANCE_ID` int(11) NOT NULL,
  `OFFICE_LOCATION` varchar(60) DEFAULT NULL,
  `DIVISION_UNIT` varchar(60) DEFAULT NULL,
  `AADHAR_NO` varchar(40) DEFAULT NULL,
  `EMPLOYEE_NAME` varchar(60) DEFAULT NULL,
  `DESIGNATION` varchar(60) DEFAULT NULL,
  `INTIME` varchar(10) DEFAULT NULL,
  `OUTTIME` varchar(10) DEFAULT NULL,
  `STATUS` varchar(2) DEFAULT NULL,
  `ABSENCE_REASON` varchar(80) DEFAULT NULL,
  `ROW_UPDATE_DATE` varchar(20) DEFAULT NULL,
  PRIMARY KEY (`EMP_ATTENDANCE_ID`)
) ENGINE=InnoDB DEFAULT CHARSET=utf8;

CREATE TABLE `EMP_MASTER_ATTENDANCE_DETAILS` (
  `EMPID` VARCHAR(10),
  `ATTENDANCEID` int(11) NOT NULL,
  PRIMARY KEY (`EMPID`,`ATTENDANCEID`),
  KEY `ATTENDANCEID` (`ATTENDANCEID`),
  CONSTRAINT `EMP_MASTER_ATTENDANCE_DETAILS_ibfk_1` FOREIGN KEY (`EMPID`) REFERENCES `EMP_MASTER` (`EMP_ID`),
  CONSTRAINT `EMP_MASTER_ATTENDANCE_DETAILS_ibfk_2` FOREIGN KEY (`ATTENDANCEID`) REFERENCES `EMP_ATTENDANCE_DETAILS` (`EMP_ATTENDANCE_ID`)
);

 CREATE TABLE PERMISSIONS(
     PERMISSION_ID INT,
     PERMISSION_NAME VARCHAR(40),
     PERMISSION_DESC VARCHAR(80),
     STATUS VARCHAR(2),
     UPD_USER_ID INT,
     ROW_UPD_DATE DATETIME,
     PRIMARY KEY (PERMISSION_ID)
 );

 CREATE TABLE ROLES_PERMISSIONS(
	  ROLE_PERMISSION_ID INT,
	  ROLE_ID INT,
	  PERMISSION_ID INT,
	  STATUS VARCHAR(2),
	  UPD_USER_ID INT,
	  ROW_UPD_DATE DATETIME,
      PRIMARY KEY (ROLE_PERMISSION_ID),
	  FOREIGN KEY (ROLE_ID) REFERENCES ROLES (ROLE_ID),
	  FOREIGN KEY (PERMISSION_ID) REFERENCES PERMISSIONS (PERMISSION_ID)
 );

CREATE TABLE ARREARS_PAY(
	ARREAR_ID INT NOT NULL AUTO_INCREMENT,
	EMP_ID VARCHAR(10),
	ARREARS_TYPE VARCHAR(30),
	ARREARS_PAY DOUBLE,
    ARREARS_DEDUCTION DOUBLE,
    MISC_PAY DOUBLE,
    MISC_DEDUCTION DOUBLE,
    ARREARSPAY_NOTE VARCHAR(255),
    ARREARSDEDUCTION_NOTE VARCHAR(255),
	STATUS VARCHAR(2),
	UPD_USER_ID INT,
	ROW_UPD_DATE DATETIME,
    PRIMARY KEY(ARREAR_ID),
	FOREIGN KEY (EMP_ID) REFERENCES EMP_MASTER (EMP_ID)
) ENGINE=InnoDB;

/*CREATE TABLE CALCULATION_MASTER (
	CAL_ID INT,
	CAL_PERCENTAGE VARCHAR(64),
	DESCRIPTION VARCHAR(80),
    STATUS VARCHAR(2),
	UPD_USER_ID INT,
	ROW_UPD_DATE DATETIME,
	PRIMARY KEY(CAL_ID)
) ENGINE=InnoDB;*/

-- Add Permissions

INSERT INTO `payroll`.`PERMISSIONS` (`PERMISSION_ID`,`PERMISSION_NAME`,`PERMISSION_DESC`,`STATUS`,`UPD_USER_ID`,`ROW_UPD_DATE`)
VALUES
(1,'createEmployee','Ability to add employee','A',0,current_timestamp());

INSERT INTO `payroll`.`ROLES_PERMISSIONS`
(`ROLE_PERMISSION_ID`,`ROLE_ID`,`PERMISSION_ID`,`STATUS`,`UPD_USER_ID`,`ROW_UPD_DATE`)
VALUES
(1,1,1,'A',0,current_timestamp());

INSERT INTO `payroll`.`PERMISSIONS` (`PERMISSION_ID`,`PERMISSION_NAME`,`PERMISSION_DESC`,`STATUS`,`UPD_USER_ID`,`ROW_UPD_DATE`)
VALUES
(2,'readEmployee','Ability to read employee details','A',0,current_timestamp());

INSERT INTO `payroll`.`ROLES_PERMISSIONS`
(`ROLE_PERMISSION_ID`,`ROLE_ID`,`PERMISSION_ID`,`STATUS`,`UPD_USER_ID`,`ROW_UPD_DATE`)
VALUES
(2,1,2,'A',0,current_timestamp());

INSERT INTO `payroll`.`PERMISSIONS` (`PERMISSION_ID`,`PERMISSION_NAME`,`PERMISSION_DESC`,`STATUS`,`UPD_USER_ID`,`ROW_UPD_DATE`)
VALUES
(3,'updateEmployee','Ability to update employee details','A',0,current_timestamp());


INSERT INTO `payroll`.`ROLES_PERMISSIONS`
(`ROLE_PERMISSION_ID`,`ROLE_ID`,`PERMISSION_ID`,`STATUS`,`UPD_USER_ID`,`ROW_UPD_DATE`)
VALUES
(3,1,3,'A',0,current_timestamp());

INSERT INTO `payroll`.`PERMISSIONS` (`PERMISSION_ID`,`PERMISSION_NAME`,`PERMISSION_DESC`,`STATUS`,`UPD_USER_ID`,`ROW_UPD_DATE`)
VALUES
(4,'deleteEmployee','Ability to delete employee details','A',0,current_timestamp());

INSERT INTO `payroll`.`ROLES_PERMISSIONS`
(`ROLE_PERMISSION_ID`,`ROLE_ID`,`PERMISSION_ID`,`STATUS`,`UPD_USER_ID`,`ROW_UPD_DATE`)
VALUES
(4,1,4,'A',0,current_timestamp());

INSERT INTO `payroll`.`PERMISSIONS` (`PERMISSION_ID`,`PERMISSION_NAME`,`PERMISSION_DESC`,`STATUS`,`UPD_USER_ID`,`ROW_UPD_DATE`)
VALUES
(5,'addDepartment','Ability to add department','A',0,current_timestamp());

INSERT INTO `payroll`.`ROLES_PERMISSIONS`
(`ROLE_PERMISSION_ID`,`ROLE_ID`,`PERMISSION_ID`,`STATUS`,`UPD_USER_ID`,`ROW_UPD_DATE`)
VALUES
(5,1,5,'A',0,current_timestamp());

INSERT INTO `payroll`.`PERMISSIONS` (`PERMISSION_ID`,`PERMISSION_NAME`,`PERMISSION_DESC`,`STATUS`,`UPD_USER_ID`,`ROW_UPD_DATE`)
VALUES
(6,'deleteDepartment','Ability to delete department','A',0,current_timestamp());

INSERT INTO `payroll`.`ROLES_PERMISSIONS`
(`ROLE_PERMISSION_ID`,`ROLE_ID`,`PERMISSION_ID`,`STATUS`,`UPD_USER_ID`,`ROW_UPD_DATE`)
VALUES
(6,1,6,'A',0,current_timestamp());

INSERT INTO `payroll`.`PERMISSIONS` (`PERMISSION_ID`,`PERMISSION_NAME`,`PERMISSION_DESC`,`STATUS`,`UPD_USER_ID`,`ROW_UPD_DATE`)
VALUES
(7,'updateDepartment','Ability to update department','A',0,current_timestamp());

INSERT INTO `payroll`.`ROLES_PERMISSIONS`
(`ROLE_PERMISSION_ID`,`ROLE_ID`,`PERMISSION_ID`,`STATUS`,`UPD_USER_ID`,`ROW_UPD_DATE`)
VALUES
(7,1,7,'A',0,current_timestamp());

INSERT INTO `payroll`.`PERMISSIONS` (`PERMISSION_ID`,`PERMISSION_NAME`,`PERMISSION_DESC`,`STATUS`,`UPD_USER_ID`,`ROW_UPD_DATE`)
VALUES
(8,'viewDepartment','Ability to view department','A',0,current_timestamp());

INSERT INTO `payroll`.`ROLES_PERMISSIONS`
(`ROLE_PERMISSION_ID`,`ROLE_ID`,`PERMISSION_ID`,`STATUS`,`UPD_USER_ID`,`ROW_UPD_DATE`)
VALUES
(8,1,8,'A',0,current_timestamp());

INSERT INTO `payroll`.`PERMISSIONS` (`PERMISSION_ID`,`PERMISSION_NAME`,`PERMISSION_DESC`,`STATUS`,`UPD_USER_ID`,`ROW_UPD_DATE`)
VALUES
(9,'generateBills','Ability to generate paybills','A',0,current_timestamp());

INSERT INTO `payroll`.`ROLES_PERMISSIONS`
(`ROLE_PERMISSION_ID`,`ROLE_ID`,`PERMISSION_ID`,`STATUS`,`UPD_USER_ID`,`ROW_UPD_DATE`)
VALUES
(9,1,9,'A',0,current_timestamp());

INSERT INTO `payroll`.`PERMISSIONS` (`PERMISSION_ID`,`PERMISSION_NAME`,`PERMISSION_DESC`,`STATUS`,`UPD_USER_ID`,`ROW_UPD_DATE`)
VALUES
(10,'viewMasterMenu','Ability to view master menu','A',0,current_timestamp());

INSERT INTO `payroll`.`ROLES_PERMISSIONS`
(`ROLE_PERMISSION_ID`,`ROLE_ID`,`PERMISSION_ID`,`STATUS`,`UPD_USER_ID`,`ROW_UPD_DATE`)
VALUES
(10,1,10,'A',0,current_timestamp());

INSERT INTO `payroll`.`PERMISSIONS` (`PERMISSION_ID`,`PERMISSION_NAME`,`PERMISSION_DESC`,`STATUS`,`UPD_USER_ID`,`ROW_UPD_DATE`)
VALUES
(11,'addHead','Ability to add head details','A',0,current_timestamp());

INSERT INTO `payroll`.`ROLES_PERMISSIONS`
(`ROLE_PERMISSION_ID`,`ROLE_ID`,`PERMISSION_ID`,`STATUS`,`UPD_USER_ID`,`ROW_UPD_DATE`)
VALUES
(11,1,11,'A',0,current_timestamp());

INSERT INTO `payroll`.`PERMISSIONS` (`PERMISSION_ID`,`PERMISSION_NAME`,`PERMISSION_DESC`,`STATUS`,`UPD_USER_ID`,`ROW_UPD_DATE`)
VALUES
(12,'addDesignation','Ability to add designation details','A',0,current_timestamp());

INSERT INTO `payroll`.`ROLES_PERMISSIONS`
(`ROLE_PERMISSION_ID`,`ROLE_ID`,`PERMISSION_ID`,`STATUS`,`UPD_USER_ID`,`ROW_UPD_DATE`)
VALUES
(12,1,12,'A',0,current_timestamp());

INSERT INTO `payroll`.`PERMISSIONS` (`PERMISSION_ID`,`PERMISSION_NAME`,`PERMISSION_DESC`,`STATUS`,`UPD_USER_ID`,`ROW_UPD_DATE`)
VALUES
(13,'updateDesignation','Ability to update designation details','A',0,current_timestamp());

INSERT INTO `payroll`.`ROLES_PERMISSIONS`
(`ROLE_PERMISSION_ID`,`ROLE_ID`,`PERMISSION_ID`,`STATUS`,`UPD_USER_ID`,`ROW_UPD_DATE`)
VALUES
(13,1,13,'A',0,current_timestamp());


INSERT INTO `payroll`.`PERMISSIONS` (`PERMISSION_ID`,`PERMISSION_NAME`,`PERMISSION_DESC`,`STATUS`,`UPD_USER_ID`,`ROW_UPD_DATE`)
VALUES
(14,'updateDesignation','Ability to update designation details','A',0,current_timestamp());

INSERT INTO `payroll`.`ROLES_PERMISSIONS`
(`ROLE_PERMISSION_ID`,`ROLE_ID`,`PERMISSION_ID`,`STATUS`,`UPD_USER_ID`,`ROW_UPD_DATE`)
VALUES
(14,1,14,'A',0,current_timestamp());

INSERT INTO `payroll`.`PERMISSIONS` (`PERMISSION_ID`,`PERMISSION_NAME`,`PERMISSION_DESC`,`STATUS`,`UPD_USER_ID`,`ROW_UPD_DATE`)
VALUES
(15,'updateDesignation','Ability to update designation details','A',0,current_timestamp());

INSERT INTO `payroll`.`ROLES_PERMISSIONS`
(`ROLE_PERMISSION_ID`,`ROLE_ID`,`PERMISSION_ID`,`STATUS`,`UPD_USER_ID`,`ROW_UPD_DATE`)
VALUES
(15,1,15,'A',0,current_timestamp());

INSERT INTO `payroll`.`PERMISSIONS` (`PERMISSION_ID`,`PERMISSION_NAME`,`PERMISSION_DESC`,`STATUS`,`UPD_USER_ID`,`ROW_UPD_DATE`)
VALUES
(16,'viewEmployeeMenu','Ability to view Employee Menu','A',0,current_timestamp());

INSERT INTO `payroll`.`ROLES_PERMISSIONS`
(`ROLE_PERMISSION_ID`,`ROLE_ID`,`PERMISSION_ID`,`STATUS`,`UPD_USER_ID`,`ROW_UPD_DATE`)
VALUES
(16,1,16,'A',0,current_timestamp());

INSERT INTO `payroll`.`PERMISSIONS` (`PERMISSION_ID`,`PERMISSION_NAME`,`PERMISSION_DESC`,`STATUS`,`UPD_USER_ID`,`ROW_UPD_DATE`)
VALUES
(17,'viewPayrollMenu','Ability to view Payroll Menu','A',0,current_timestamp());

INSERT INTO `payroll`.`ROLES_PERMISSIONS`
(`ROLE_PERMISSION_ID`,`ROLE_ID`,`PERMISSION_ID`,`STATUS`,`UPD_USER_ID`,`ROW_UPD_DATE`)
VALUES
(17,1,17,'A',0,current_timestamp());

INSERT INTO `payroll`.`PERMISSIONS` (`PERMISSION_ID`,`PERMISSION_NAME`,`PERMISSION_DESC`,`STATUS`,`UPD_USER_ID`,`ROW_UPD_DATE`)
VALUES
(18,'viewReportsMenu','Ability to view Reports Menu','A',0,current_timestamp());

INSERT INTO `payroll`.`ROLES_PERMISSIONS`
(`ROLE_PERMISSION_ID`,`ROLE_ID`,`PERMISSION_ID`,`STATUS`,`UPD_USER_ID`,`ROW_UPD_DATE`)
VALUES
(18,1,18,'A',0,current_timestamp());

INSERT INTO `payroll`.`PERMISSIONS` (`PERMISSION_ID`,`PERMISSION_NAME`,`PERMISSION_DESC`,`STATUS`,`UPD_USER_ID`,`ROW_UPD_DATE`)
VALUES
(19,'viewLeaveMenu','Ability to view Leave Menu','A',0,current_timestamp());

INSERT INTO `payroll`.`ROLES_PERMISSIONS`
(`ROLE_PERMISSION_ID`,`ROLE_ID`,`PERMISSION_ID`,`STATUS`,`UPD_USER_ID`,`ROW_UPD_DATE`)
VALUES
(19,1,19,'A',0,current_timestamp());

INSERT INTO `payroll`.`PERMISSIONS` (`PERMISSION_ID`,`PERMISSION_NAME`,`PERMISSION_DESC`,`STATUS`,`UPD_USER_ID`,`ROW_UPD_DATE`)
VALUES
(20,'viewEmployees','Ability to view Employee Details','A',0,current_timestamp());

INSERT INTO `payroll`.`ROLES_PERMISSIONS`
(`ROLE_PERMISSION_ID`,`ROLE_ID`,`PERMISSION_ID`,`STATUS`,`UPD_USER_ID`,`ROW_UPD_DATE`)
VALUES
(20,1,20,'A',0,current_timestamp());

INSERT INTO `payroll`.`PERMISSIONS` (`PERMISSION_ID`,`PERMISSION_NAME`,`PERMISSION_DESC`,`STATUS`,`UPD_USER_ID`,`ROW_UPD_DATE`)
VALUES
(21,'addEmployee','Ability to add Employee Details','A',0,current_timestamp());

INSERT INTO `payroll`.`ROLES_PERMISSIONS`
(`ROLE_PERMISSION_ID`,`ROLE_ID`,`PERMISSION_ID`,`STATUS`,`UPD_USER_ID`,`ROW_UPD_DATE`)
VALUES
(21,1,21,'A',0,current_timestamp());

INSERT INTO `payroll`.`PERMISSIONS` (`PERMISSION_ID`,`PERMISSION_NAME`,`PERMISSION_DESC`,`STATUS`,`UPD_USER_ID`,`ROW_UPD_DATE`)
VALUES
(22,'deleteEmployee','Ability to Delete Employee Details','A',0,current_timestamp());

INSERT INTO `payroll`.`ROLES_PERMISSIONS`
(`ROLE_PERMISSION_ID`,`ROLE_ID`,`PERMISSION_ID`,`STATUS`,`UPD_USER_ID`,`ROW_UPD_DATE`)
VALUES
(22,1,22,'A',0,current_timestamp());

INSERT INTO `payroll`.`PERMISSIONS` (`PERMISSION_ID`,`PERMISSION_NAME`,`PERMISSION_DESC`,`STATUS`,`UPD_USER_ID`,`ROW_UPD_DATE`)
VALUES
(23,'addEmployeeBank','Ability to Add Employee Bank Details','A',0,current_timestamp());

INSERT INTO `payroll`.`ROLES_PERMISSIONS`
(`ROLE_PERMISSION_ID`,`ROLE_ID`,`PERMISSION_ID`,`STATUS`,`UPD_USER_ID`,`ROW_UPD_DATE`)
VALUES
(23,1,23,'A',0,current_timestamp());

INSERT INTO `payroll`.`PERMISSIONS` (`PERMISSION_ID`,`PERMISSION_NAME`,`PERMISSION_DESC`,`STATUS`,`UPD_USER_ID`,`ROW_UPD_DATE`)
VALUES
(24,'deleteEmployeeBank','Ability to Delete Employee Bank Details','A',0,current_timestamp());

INSERT INTO `payroll`.`ROLES_PERMISSIONS`
(`ROLE_PERMISSION_ID`,`ROLE_ID`,`PERMISSION_ID`,`STATUS`,`UPD_USER_ID`,`ROW_UPD_DATE`)
VALUES
(24,1,24,'A',0,current_timestamp());

INSERT INTO `payroll`.`PERMISSIONS` (`PERMISSION_ID`,`PERMISSION_NAME`,`PERMISSION_DESC`,`STATUS`,`UPD_USER_ID`,`ROW_UPD_DATE`)
VALUES
(25,'viewEmployeeBank','Ability to View Employee Bank Details','A',0,current_timestamp());

INSERT INTO `payroll`.`ROLES_PERMISSIONS`
(`ROLE_PERMISSION_ID`,`ROLE_ID`,`PERMISSION_ID`,`STATUS`,`UPD_USER_ID`,`ROW_UPD_DATE`)
VALUES
(25,1,25,'A',0,current_timestamp());

INSERT INTO `payroll`.`PERMISSIONS` (`PERMISSION_ID`,`PERMISSION_NAME`,`PERMISSION_DESC`,`STATUS`,`UPD_USER_ID`,`ROW_UPD_DATE`)
VALUES
(26,'addEmployeeSalary','Ability to add Employee Salary Details','A',0,current_timestamp());

INSERT INTO `payroll`.`ROLES_PERMISSIONS`
(`ROLE_PERMISSION_ID`,`ROLE_ID`,`PERMISSION_ID`,`STATUS`,`UPD_USER_ID`,`ROW_UPD_DATE`)
VALUES
(26,1,26,'A',0,current_timestamp());

INSERT INTO `payroll`.`PERMISSIONS` (`PERMISSION_ID`,`PERMISSION_NAME`,`PERMISSION_DESC`,`STATUS`,`UPD_USER_ID`,`ROW_UPD_DATE`)
VALUES
(27,'deleteEmployeeSalary','Ability to Delete Employee Salary Details','A',0,current_timestamp());

INSERT INTO `payroll`.`ROLES_PERMISSIONS`
(`ROLE_PERMISSION_ID`,`ROLE_ID`,`PERMISSION_ID`,`STATUS`,`UPD_USER_ID`,`ROW_UPD_DATE`)
VALUES
(27,1,27,'A',0,current_timestamp());

INSERT INTO `payroll`.`PERMISSIONS` (`PERMISSION_ID`,`PERMISSION_NAME`,`PERMISSION_DESC`,`STATUS`,`UPD_USER_ID`,`ROW_UPD_DATE`)
VALUES
(28,'viewEmployeeSalary','Ability to View Employee Salary Details','A',0,current_timestamp());

INSERT INTO `payroll`.`ROLES_PERMISSIONS`
(`ROLE_PERMISSION_ID`,`ROLE_ID`,`PERMISSION_ID`,`STATUS`,`UPD_USER_ID`,`ROW_UPD_DATE`)
VALUES
(28,1,28,'A',0,current_timestamp());

INSERT INTO `payroll`.`PERMISSIONS` (`PERMISSION_ID`,`PERMISSION_NAME`,`PERMISSION_DESC`,`STATUS`,`UPD_USER_ID`,`ROW_UPD_DATE`)
VALUES
(29,'deleteEmployeeeLeave','Ability to Delete Employee Leave Details','A',0,current_timestamp());

INSERT INTO `payroll`.`ROLES_PERMISSIONS`
(`ROLE_PERMISSION_ID`,`ROLE_ID`,`PERMISSION_ID`,`STATUS`,`UPD_USER_ID`,`ROW_UPD_DATE`)
VALUES
(29,1,29,'A',0,current_timestamp());

INSERT INTO `payroll`.`PERMISSIONS` (`PERMISSION_ID`,`PERMISSION_NAME`,`PERMISSION_DESC`,`STATUS`,`UPD_USER_ID`,`ROW_UPD_DATE`)
VALUES
(30,'addEmployeeeLeave','Ability to add Employee Leave Details','A',0,current_timestamp());

INSERT INTO `payroll`.`ROLES_PERMISSIONS`
(`ROLE_PERMISSION_ID`,`ROLE_ID`,`PERMISSION_ID`,`STATUS`,`UPD_USER_ID`,`ROW_UPD_DATE`)
VALUES
(30,1,30,'A',0,current_timestamp());

INSERT INTO `payroll`.`PERMISSIONS` (`PERMISSION_ID`,`PERMISSION_NAME`,`PERMISSION_DESC`,`STATUS`,`UPD_USER_ID`,`ROW_UPD_DATE`)
VALUES
(31,'viewEmployeeLeaveSearch','Ability to view Employee Leave Report Search Details','A',0,current_timestamp());

INSERT INTO `payroll`.`ROLES_PERMISSIONS`
(`ROLE_PERMISSION_ID`,`ROLE_ID`,`PERMISSION_ID`,`STATUS`,`UPD_USER_ID`,`ROW_UPD_DATE`)
VALUES
(31,1,31,'A',0,current_timestamp());

INSERT INTO `payroll`.`PERMISSIONS` (`PERMISSION_ID`,`PERMISSION_NAME`,`PERMISSION_DESC`,`STATUS`,`UPD_USER_ID`,`ROW_UPD_DATE`)
VALUES
(32,'viewEmployeeLeaveReport','Ability to view Employee Leave Report Details','A',0,current_timestamp());

INSERT INTO `payroll`.`ROLES_PERMISSIONS`
(`ROLE_PERMISSION_ID`,`ROLE_ID`,`PERMISSION_ID`,`STATUS`,`UPD_USER_ID`,`ROW_UPD_DATE`)
VALUES
(32,1,32,'A',0,current_timestamp());

INSERT INTO `payroll`.`PERMISSIONS` (`PERMISSION_ID`,`PERMISSION_NAME`,`PERMISSION_DESC`,`STATUS`,`UPD_USER_ID`,`ROW_UPD_DATE`)
VALUES
(33,'viewEmployeeLeaves','Ability to view Employee Leaves Details','A',0,current_timestamp());

INSERT INTO `payroll`.`ROLES_PERMISSIONS`
(`ROLE_PERMISSION_ID`,`ROLE_ID`,`PERMISSION_ID`,`STATUS`,`UPD_USER_ID`,`ROW_UPD_DATE`)
VALUES
(33,1,33,'A',0,current_timestamp());

INSERT INTO `payroll`.`PERMISSIONS` (`PERMISSION_ID`,`PERMISSION_NAME`,`PERMISSION_DESC`,`STATUS`,`UPD_USER_ID`,`ROW_UPD_DATE`)
VALUES
(34,'addEmployeePF','Ability to Add Employee PF Details','A',0,current_timestamp());

INSERT INTO `payroll`.`ROLES_PERMISSIONS`
(`ROLE_PERMISSION_ID`,`ROLE_ID`,`PERMISSION_ID`,`STATUS`,`UPD_USER_ID`,`ROW_UPD_DATE`)
VALUES
(34,1,34,'A',0,current_timestamp());

INSERT INTO `payroll`.`PERMISSIONS` (`PERMISSION_ID`,`PERMISSION_NAME`,`PERMISSION_DESC`,`STATUS`,`UPD_USER_ID`,`ROW_UPD_DATE`)
VALUES
(35,'deleteEmployeePF','Ability to Delete Employee PF Details','A',0,current_timestamp());

INSERT INTO `payroll`.`ROLES_PERMISSIONS`
(`ROLE_PERMISSION_ID`,`ROLE_ID`,`PERMISSION_ID`,`STATUS`,`UPD_USER_ID`,`ROW_UPD_DATE`)
VALUES
(35,1,35,'A',0,current_timestamp());

INSERT INTO `payroll`.`PERMISSIONS` (`PERMISSION_ID`,`PERMISSION_NAME`,`PERMISSION_DESC`,`STATUS`,`UPD_USER_ID`,`ROW_UPD_DATE`)
VALUES
(36,'viewEmployeePF','Ability to View Employee PF Details','A',0,current_timestamp());

INSERT INTO `payroll`.`ROLES_PERMISSIONS`
(`ROLE_PERMISSION_ID`,`ROLE_ID`,`PERMISSION_ID`,`STATUS`,`UPD_USER_ID`,`ROW_UPD_DATE`)
VALUES
(36,1,36,'A',0,current_timestamp());

INSERT INTO `payroll`.`PERMISSIONS` (`PERMISSION_ID`,`PERMISSION_NAME`,`PERMISSION_DESC`,`STATUS`,`UPD_USER_ID`,`ROW_UPD_DATE`)
VALUES
(37,'addEmployeeAdvance','Ability to Add Employee Advance Details','A',0,current_timestamp());

INSERT INTO `payroll`.`ROLES_PERMISSIONS`
(`ROLE_PERMISSION_ID`,`ROLE_ID`,`PERMISSION_ID`,`STATUS`,`UPD_USER_ID`,`ROW_UPD_DATE`)
VALUES
(37,1,37,'A',0,current_timestamp());

INSERT INTO `payroll`.`PERMISSIONS` (`PERMISSION_ID`,`PERMISSION_NAME`,`PERMISSION_DESC`,`STATUS`,`UPD_USER_ID`,`ROW_UPD_DATE`)
VALUES
(38,'deleteEmployeeAdvance','Ability to Delete Employee Advance Details','A',0,current_timestamp());

INSERT INTO `payroll`.`ROLES_PERMISSIONS`
(`ROLE_PERMISSION_ID`,`ROLE_ID`,`PERMISSION_ID`,`STATUS`,`UPD_USER_ID`,`ROW_UPD_DATE`)
VALUES
(38,1,38,'A',0,current_timestamp());

INSERT INTO `payroll`.`PERMISSIONS` (`PERMISSION_ID`,`PERMISSION_NAME`,`PERMISSION_DESC`,`STATUS`,`UPD_USER_ID`,`ROW_UPD_DATE`)
VALUES
(39,'viewEmployeeAdvance','Ability to View Employee Advance Details','A',0,current_timestamp());

INSERT INTO `payroll`.`ROLES_PERMISSIONS`
(`ROLE_PERMISSION_ID`,`ROLE_ID`,`PERMISSION_ID`,`STATUS`,`UPD_USER_ID`,`ROW_UPD_DATE`)
VALUES
(39,1,39,'A',0,current_timestamp());

INSERT INTO `payroll`.`PERMISSIONS` (`PERMISSION_ID`,`PERMISSION_NAME`,`PERMISSION_DESC`,`STATUS`,`UPD_USER_ID`,`ROW_UPD_DATE`)
VALUES
(40,'addEmployeeLIC','Ability to Add Employee LIC Details','A',0,current_timestamp());

INSERT INTO `payroll`.`ROLES_PERMISSIONS`
(`ROLE_PERMISSION_ID`,`ROLE_ID`,`PERMISSION_ID`,`STATUS`,`UPD_USER_ID`,`ROW_UPD_DATE`)
VALUES
(40,1,40,'A',0,current_timestamp());

INSERT INTO `payroll`.`PERMISSIONS` (`PERMISSION_ID`,`PERMISSION_NAME`,`PERMISSION_DESC`,`STATUS`,`UPD_USER_ID`,`ROW_UPD_DATE`)
VALUES
(41,'addMasterLIC','Ability to Add Master LIC Details','A',0,current_timestamp());

INSERT INTO `payroll`.`ROLES_PERMISSIONS`
(`ROLE_PERMISSION_ID`,`ROLE_ID`,`PERMISSION_ID`,`STATUS`,`UPD_USER_ID`,`ROW_UPD_DATE`)
VALUES
(41,1,41,'A',0,current_timestamp());

INSERT INTO `payroll`.`PERMISSIONS` (`PERMISSION_ID`,`PERMISSION_NAME`,`PERMISSION_DESC`,`STATUS`,`UPD_USER_ID`,`ROW_UPD_DATE`)
VALUES
(42,'deleteEmployeeLIC','Ability to Delete Employee LIC Details','A',0,current_timestamp());

INSERT INTO `payroll`.`ROLES_PERMISSIONS`
(`ROLE_PERMISSION_ID`,`ROLE_ID`,`PERMISSION_ID`,`STATUS`,`UPD_USER_ID`,`ROW_UPD_DATE`)
VALUES
(42,1,42,'A',0,current_timestamp());

INSERT INTO `payroll`.`PERMISSIONS` (`PERMISSION_ID`,`PERMISSION_NAME`,`PERMISSION_DESC`,`STATUS`,`UPD_USER_ID`,`ROW_UPD_DATE`)
VALUES
(43,'deleteMasterLIC','Ability to Delete Master LIC Details','A',0,current_timestamp());

INSERT INTO `payroll`.`ROLES_PERMISSIONS`
(`ROLE_PERMISSION_ID`,`ROLE_ID`,`PERMISSION_ID`,`STATUS`,`UPD_USER_ID`,`ROW_UPD_DATE`)
VALUES
(43,1,43,'A',0,current_timestamp());

INSERT INTO `payroll`.`PERMISSIONS` (`PERMISSION_ID`,`PERMISSION_NAME`,`PERMISSION_DESC`,`STATUS`,`UPD_USER_ID`,`ROW_UPD_DATE`)
VALUES
(44,'viewEmployeeLIC','Ability to View Employee LIC Details','A',0,current_timestamp());

INSERT INTO `payroll`.`ROLES_PERMISSIONS`
(`ROLE_PERMISSION_ID`,`ROLE_ID`,`PERMISSION_ID`,`STATUS`,`UPD_USER_ID`,`ROW_UPD_DATE`)
VALUES
(44,1,44,'A',0,current_timestamp());

INSERT INTO `payroll`.`PERMISSIONS` (`PERMISSION_ID`,`PERMISSION_NAME`,`PERMISSION_DESC`,`STATUS`,`UPD_USER_ID`,`ROW_UPD_DATE`)
VALUES
(45,'viewEmployeeFixedAllowance','Ability to View Employee Fixed Allowance Details','A',0,current_timestamp());

INSERT INTO `payroll`.`ROLES_PERMISSIONS`
(`ROLE_PERMISSION_ID`,`ROLE_ID`,`PERMISSION_ID`,`STATUS`,`UPD_USER_ID`,`ROW_UPD_DATE`)
VALUES
(45,1,45,'A',0,current_timestamp());

INSERT INTO `payroll`.`PERMISSIONS` (`PERMISSION_ID`,`PERMISSION_NAME`,`PERMISSION_DESC`,`STATUS`,`UPD_USER_ID`,`ROW_UPD_DATE`)
VALUES
(46,'addEmployeeFixedAllowance','Ability to Add Employee Fixed Allowance Details','A',0,current_timestamp());

INSERT INTO `payroll`.`ROLES_PERMISSIONS`
(`ROLE_PERMISSION_ID`,`ROLE_ID`,`PERMISSION_ID`,`STATUS`,`UPD_USER_ID`,`ROW_UPD_DATE`)
VALUES
(46,1,46,'A',0,current_timestamp());

INSERT INTO `payroll`.`PERMISSIONS` (`PERMISSION_ID`,`PERMISSION_NAME`,`PERMISSION_DESC`,`STATUS`,`UPD_USER_ID`,`ROW_UPD_DATE`)
VALUES
(47,'deleteEmployeeFixedAllowance','Ability to Delete Employee Fixed Allowance Details','A',0,current_timestamp());

INSERT INTO `payroll`.`ROLES_PERMISSIONS`
(`ROLE_PERMISSION_ID`,`ROLE_ID`,`PERMISSION_ID`,`STATUS`,`UPD_USER_ID`,`ROW_UPD_DATE`)
VALUES
(47,1,47,'A',0,current_timestamp());

INSERT INTO `payroll`.`PERMISSIONS` (`PERMISSION_ID`,`PERMISSION_NAME`,`PERMISSION_DESC`,`STATUS`,`UPD_USER_ID`,`ROW_UPD_DATE`)
VALUES
(48,'addEmployeeOvertime','Ability to Add Employee Overtime Details','A',0,current_timestamp());

INSERT INTO `payroll`.`ROLES_PERMISSIONS`
(`ROLE_PERMISSION_ID`,`ROLE_ID`,`PERMISSION_ID`,`STATUS`,`UPD_USER_ID`,`ROW_UPD_DATE`)
VALUES
(48,1,48,'A',0,current_timestamp());

INSERT INTO `payroll`.`PERMISSIONS` (`PERMISSION_ID`,`PERMISSION_NAME`,`PERMISSION_DESC`,`STATUS`,`UPD_USER_ID`,`ROW_UPD_DATE`)
VALUES
(49,'deleteEmployeeOvertime','Ability to Delete Employee Overtime Details','A',0,current_timestamp());

INSERT INTO `payroll`.`ROLES_PERMISSIONS`
(`ROLE_PERMISSION_ID`,`ROLE_ID`,`PERMISSION_ID`,`STATUS`,`UPD_USER_ID`,`ROW_UPD_DATE`)
VALUES
(49,1,49,'A',0,current_timestamp());

INSERT INTO `payroll`.`PERMISSIONS` (`PERMISSION_ID`,`PERMISSION_NAME`,`PERMISSION_DESC`,`STATUS`,`UPD_USER_ID`,`ROW_UPD_DATE`)
VALUES
(50,'viewEmployeeOvertime','Ability to View Employee Overtime Details','A',0,current_timestamp());

INSERT INTO `payroll`.`ROLES_PERMISSIONS`
(`ROLE_PERMISSION_ID`,`ROLE_ID`,`PERMISSION_ID`,`STATUS`,`UPD_USER_ID`,`ROW_UPD_DATE`)
VALUES
(50,1,50,'A',0,current_timestamp());

INSERT INTO `payroll`.`PERMISSIONS` (`PERMISSION_ID`,`PERMISSION_NAME`,`PERMISSION_DESC`,`STATUS`,`UPD_USER_ID`,`ROW_UPD_DATE`)
VALUES
(51,'addEmployeeDeduction','Ability to Add Employee Deduction Details','A',0,current_timestamp());

INSERT INTO `payroll`.`ROLES_PERMISSIONS`
(`ROLE_PERMISSION_ID`,`ROLE_ID`,`PERMISSION_ID`,`STATUS`,`UPD_USER_ID`,`ROW_UPD_DATE`)
VALUES
(51,1,51,'A',0,current_timestamp());

INSERT INTO `payroll`.`PERMISSIONS` (`PERMISSION_ID`,`PERMISSION_NAME`,`PERMISSION_DESC`,`STATUS`,`UPD_USER_ID`,`ROW_UPD_DATE`)
VALUES
(52,'deleteEmployeeDeduction','Ability to Delete Employee Deduction Details','A',0,current_timestamp());

INSERT INTO `payroll`.`ROLES_PERMISSIONS`
(`ROLE_PERMISSION_ID`,`ROLE_ID`,`PERMISSION_ID`,`STATUS`,`UPD_USER_ID`,`ROW_UPD_DATE`)
VALUES
(52,1,52,'A',0,current_timestamp());

INSERT INTO `payroll`.`PERMISSIONS` (`PERMISSION_ID`,`PERMISSION_NAME`,`PERMISSION_DESC`,`STATUS`,`UPD_USER_ID`,`ROW_UPD_DATE`)
VALUES
(53,'viewEmployeeDeduction','Ability to View Employee Deduction Details','A',0,current_timestamp());

INSERT INTO `payroll`.`ROLES_PERMISSIONS`
(`ROLE_PERMISSION_ID`,`ROLE_ID`,`PERMISSION_ID`,`STATUS`,`UPD_USER_ID`,`ROW_UPD_DATE`)
VALUES
(53,1,53,'A',0,current_timestamp());

INSERT INTO `payroll`.`PERMISSIONS` (`PERMISSION_ID`,`PERMISSION_NAME`,`PERMISSION_DESC`,`STATUS`,`UPD_USER_ID`,`ROW_UPD_DATE`)
VALUES
(54,'addEmployeeFixedDeductions','Ability to Add Employee Fixed Deduction Details','A',0,current_timestamp());

INSERT INTO `payroll`.`ROLES_PERMISSIONS`
(`ROLE_PERMISSION_ID`,`ROLE_ID`,`PERMISSION_ID`,`STATUS`,`UPD_USER_ID`,`ROW_UPD_DATE`)
VALUES
(54,1,54,'A',0,current_timestamp());

INSERT INTO `payroll`.`PERMISSIONS` (`PERMISSION_ID`,`PERMISSION_NAME`,`PERMISSION_DESC`,`STATUS`,`UPD_USER_ID`,`ROW_UPD_DATE`)
VALUES
(55,'deleteEmployeeFixedDeductions','Ability to Delete Employee Fixed Deduction Details','A',0,current_timestamp());

INSERT INTO `payroll`.`ROLES_PERMISSIONS`
(`ROLE_PERMISSION_ID`,`ROLE_ID`,`PERMISSION_ID`,`STATUS`,`UPD_USER_ID`,`ROW_UPD_DATE`)
VALUES
(55,1,55,'A',0,current_timestamp());

INSERT INTO `payroll`.`PERMISSIONS` (`PERMISSION_ID`,`PERMISSION_NAME`,`PERMISSION_DESC`,`STATUS`,`UPD_USER_ID`,`ROW_UPD_DATE`)
VALUES
(56,'viewEmployeeFixedDeductions','Ability to View Employee Fixed Deduction Details','A',0,current_timestamp());

INSERT INTO `payroll`.`ROLES_PERMISSIONS`
(`ROLE_PERMISSION_ID`,`ROLE_ID`,`PERMISSION_ID`,`STATUS`,`UPD_USER_ID`,`ROW_UPD_DATE`)
VALUES
(56,1,56,'A',0,current_timestamp());

INSERT INTO `payroll`.`PERMISSIONS` (`PERMISSION_ID`,`PERMISSION_NAME`,`PERMISSION_DESC`,`STATUS`,`UPD_USER_ID`,`ROW_UPD_DATE`)
VALUES
(57,'addEmployeeVarDeductions','Ability to Add Employee Variable Deduction Details','A',0,current_timestamp());

INSERT INTO `payroll`.`ROLES_PERMISSIONS`
(`ROLE_PERMISSION_ID`,`ROLE_ID`,`PERMISSION_ID`,`STATUS`,`UPD_USER_ID`,`ROW_UPD_DATE`)
VALUES
(57,1,57,'A',0,current_timestamp());

INSERT INTO `payroll`.`PERMISSIONS` (`PERMISSION_ID`,`PERMISSION_NAME`,`PERMISSION_DESC`,`STATUS`,`UPD_USER_ID`,`ROW_UPD_DATE`)
VALUES
(58,'deleteEmployeeVarDeductions','Ability to Delete Employee Variable Deduction Details','A',0,current_timestamp());

INSERT INTO `payroll`.`ROLES_PERMISSIONS`
(`ROLE_PERMISSION_ID`,`ROLE_ID`,`PERMISSION_ID`,`STATUS`,`UPD_USER_ID`,`ROW_UPD_DATE`)
VALUES
(58,1,58,'A',0,current_timestamp());

INSERT INTO `payroll`.`PERMISSIONS` (`PERMISSION_ID`,`PERMISSION_NAME`,`PERMISSION_DESC`,`STATUS`,`UPD_USER_ID`,`ROW_UPD_DATE`)
VALUES
(59,'viewEmployeeVarDeductions','Ability to View Employee Variable Deduction Details','A',0,current_timestamp());

INSERT INTO `payroll`.`ROLES_PERMISSIONS`
(`ROLE_PERMISSION_ID`,`ROLE_ID`,`PERMISSION_ID`,`STATUS`,`UPD_USER_ID`,`ROW_UPD_DATE`)
VALUES
(59,1,59,'A',0,current_timestamp());


INSERT INTO `payroll`.`PERMISSIONS` (`PERMISSION_ID`,`PERMISSION_NAME`,`PERMISSION_DESC`,`STATUS`,`UPD_USER_ID`,`ROW_UPD_DATE`)
VALUES
(60,'listEmpDeductions','Ability to Get Employee Exemptions Details','A',0,current_timestamp());

INSERT INTO `payroll`.`ROLES_PERMISSIONS`
(`ROLE_PERMISSION_ID`,`ROLE_ID`,`PERMISSION_ID`,`STATUS`,`UPD_USER_ID`,`ROW_UPD_DATE`)
VALUES
(60,1,60,'A',0,current_timestamp());

INSERT INTO `payroll`.`PERMISSIONS` (`PERMISSION_ID`,`PERMISSION_NAME`,`PERMISSION_DESC`,`STATUS`,`UPD_USER_ID`,`ROW_UPD_DATE`)
VALUES
(61,'generateEmpBook','Ability to Generate Employee E-Book','A',0,current_timestamp());

INSERT INTO `payroll`.`ROLES_PERMISSIONS`
(`ROLE_PERMISSION_ID`,`ROLE_ID`,`PERMISSION_ID`,`STATUS`,`UPD_USER_ID`,`ROW_UPD_DATE`)
VALUES
(61,1,61,'A',0,current_timestamp());

